City_ID,City,Lat,Lng,Max Temp,Humidity,Cloudiness,Wind Speed,Country,Date
0,nemuro,43.3236,145.575,15.17,93,97,6.03,JP,1723833697
1,thompson,55.7435,-97.8558,20.09,52,40,4.12,CA,1723833698
2,papao,-17.75,-149.55,25.82,88,100,11.92,PF,1723833699
3,waitangi,-43.9535,-176.5597,9.34,85,100,4.02,NZ,1723833700
4,lihue,21.9789,-159.3672,26.77,80,40,5.66,US,1723833586
5,port-aux-francais,-49.35,70.2167,2.33,85,41,16.68,TF,1723833703
6,chocznia,49.8742,19.4544,23.19,78,6,0.89,PL,1723833704
7,grytviken,-54.2811,-36.5092,-3.27,50,0,1.47,GS,1723833705
8,labrador city,52.9463,-66.9114,29.54,32,40,4.02,CA,1723833707
9,kifri,34.6959,44.9661,37.75,17,0,4.05,IQ,1723833708
10,novyy urgal,51.0736,132.5642,16.65,82,98,1.07,RU,1723833709
11,namibe,-15.1961,12.1522,17.18,85,81,5.19,AO,1723833710
12,port mathurin,-19.6833,63.4167,22.91,77,35,10.18,MU,1723833712
13,olonkinbyen,70.9221,-8.7187,5.52,96,100,4.76,SJ,1723833713
14,margaret river,-33.95,115.0667,15.29,93,100,10.98,AU,1723833714
15,wailua homesteads,22.0669,-159.378,26.44,82,40,5.66,US,1723833715
16,mount gambier,-37.8333,140.7667,10.33,94,100,3.8,AU,1723833717
17,quesada,10.3238,-84.4271,26.16,84,99,3.07,CR,1723833718
18,hawaiian paradise park,19.5933,-154.9731,26.05,93,75,0.0,US,1723833719
19,albany,42.6001,-73.9662,29.89,59,0,0.89,US,1723833685
20,st. john's,47.5649,-52.7093,23.66,56,20,4.12,CA,1723833436
21,stung treng,13.5259,105.9683,24.35,97,100,1.5,KH,1723833723
22,dolinsk,47.35,142.8,14.11,98,100,1.7,RU,1723833724
23,qaqortoq,60.7167,-46.0333,9.17,55,0,9.34,GL,1723833725
24,bilibino,68.0546,166.4372,3.6,99,100,2.83,RU,1723833726
25,edinburgh of the seven seas,-37.0676,-12.3116,10.95,67,82,15.51,SH,1723833728
26,keflavik,64.0049,-22.5624,12.24,76,20,5.66,IS,1723833729
27,west island,-12.1568,96.8225,25.99,94,75,9.26,CC,1723833730
28,vilyuchinsk,52.9306,158.4028,4.15,66,0,1.77,RU,1723833731
29,sarina,-21.4333,149.2167,16.45,1,0,2.01,AU,1723833732
30,pangody,65.85,74.4859,14.09,96,100,1.85,RU,1723833733
31,port elizabeth,-33.918,25.5701,17.4,96,0,3.6,ZA,1723833735
32,joshimath,30.5667,79.5667,17.83,95,99,0.55,IN,1723833736
33,puerto baquerizo moreno,-0.9,-89.6,24.55,69,40,6.17,EC,1723833737
34,college,64.8569,-147.8028,15.25,72,75,4.12,US,1723833739
35,puerto natales,-51.7236,-72.4875,6.25,65,40,2.57,CL,1723833703
36,yellowknife,62.456,-114.3525,17.29,63,20,1.03,CA,1723833741
37,ushuaia,-54.8,-68.3,3.81,75,0,1.03,AR,1723833075
38,la ronge,55.1001,-105.2842,21.14,43,20,2.06,CA,1723833743
39,adamstown,-25.066,-130.1015,20.82,85,100,7.16,PN,1723833745
40,sadjoavato,-12.6334,49.349,20.91,70,0,4.09,MG,1723833746
41,villa gesell,-37.2639,-56.973,9.37,74,52,7.64,AR,1723833747
42,carnarvon,-24.8667,113.6333,18.89,71,0,3.76,AU,1723833748
43,san patricio,28.017,-97.5169,35.97,43,30,6.11,US,1723833750
44,bubaque,11.2833,-15.8333,26.66,87,100,8.47,GW,1723833751
45,polovinnoye,54.7914,65.9864,11.64,89,8,2.58,RU,1723833752
46,yeppoon,-23.1333,150.7333,17.38,88,0,2.1,AU,1723833753
47,kerikeri,-35.2268,173.9474,13.28,93,100,3.34,NZ,1723833754
48,blackmans bay,-43.0167,147.3167,10.41,96,100,0.45,AU,1723833756
49,saint-philippe,-21.3585,55.7679,21.76,82,37,4.82,RE,1723833757
50,abu jibeha,11.4562,31.2285,23.11,89,100,2.05,SD,1723833758
51,hasaki,35.7333,140.8333,25.42,90,100,13.39,JP,1723833759
52,mokhsogollokh,61.4681,128.9203,6.02,78,6,1.85,RU,1723833761
53,ixtapa,20.7,-105.2,30.68,74,100,2.57,MX,1723833762
54,pirane,-25.7324,-59.1088,36.98,19,100,5.58,AR,1723833763
55,crucecita,-28.95,-58.9833,27.03,48,100,4.69,AR,1723833764
56,smithers,54.7804,-127.1743,17.18,45,40,1.03,CA,1723833765
57,guankou,28.15,113.6333,25.15,94,99,0.72,CN,1723833767
58,shache,38.4167,77.2406,29.54,22,17,1.29,CN,1723833768
59,alofi,-19.0595,-169.9187,19.94,83,20,3.09,NU,1723833769
60,tartouss,34.889,35.8866,28.18,77,30,5.65,SY,1723833770
61,longyearbyen,78.2186,15.6401,12.91,71,75,8.75,SJ,1723833772
62,puerto ayora,-0.7393,-90.3518,21.42,91,50,3.13,EC,1723833773
63,chulakkurgan,43.765,69.1814,21.77,31,0,2.57,KZ,1723833774
64,papatowai,-46.5619,169.4708,6.4,93,100,1.16,NZ,1723833775
65,hinesville,31.8469,-81.5959,32.29,51,40,0.0,US,1723833526
66,nar'yan-mar,67.6713,53.087,7.88,93,16,4.0,RU,1723833778
67,baruun-urt,46.6806,113.2792,16.22,85,100,1.11,MN,1723833779
68,kavaratti,10.5669,72.642,25.02,94,100,6.55,IN,1723833780
69,whitehorse,60.7161,-135.0538,15.43,58,75,7.72,CA,1723833781
70,kone,-21.0595,164.8658,19.37,95,0,2.53,NC,1723833783
71,stanley,54.868,-1.6985,15.01,63,20,3.09,GB,1723833784
72,melo,-32.3667,-54.1833,17.03,70,100,4.57,UY,1723833785
73,bethel,41.3712,-73.414,29.93,63,0,2.06,US,1723833575
74,isangel,-19.55,169.2667,21.43,83,7,3.04,VU,1723833787
75,bel ombre,-4.6167,55.4167,23.91,94,75,5.14,SC,1723833789
76,villa ojo de agua,-29.5,-63.6938,22.53,34,100,6.32,AR,1723833790
77,beacon square,28.2086,-82.7554,33.39,55,0,1.34,US,1723833791
78,minas de marcona,-15.2119,-75.1103,17.17,55,1,6.25,PE,1723833792
79,chonchi,-42.6128,-73.8092,8.95,94,100,1.24,CL,1723833793
80,kish,26.5578,54.0194,33.15,84,31,2.06,IR,1723833795
81,uturoa,-16.7333,-151.4333,25.0,82,100,10.76,PF,1723833796
82,iskateley,67.6803,53.1512,7.82,93,16,4.01,RU,1723833797
83,miyako,39.6367,141.9525,22.77,100,100,2.08,JP,1723833798
84,mount isa,-20.7333,139.5,8.87,53,0,1.03,AU,1723833799
85,bikenibeu village,1.3673,173.1241,27.98,74,20,5.14,KI,1723833801
86,sacramento,38.4666,-121.3177,30.16,48,0,2.06,US,1723833771
87,bredasdorp,-34.5322,20.0403,8.86,89,0,0.73,ZA,1723833803
88,adh dhibiyah,24.5014,45.9686,34.82,12,8,4.87,SA,1723833804
89,hun,29.1268,15.9477,36.67,19,100,4.4,LY,1723833805
90,talnakh,69.4865,88.3972,13.3,75,100,1.89,RU,1723833807
91,avarua,-21.2078,-159.775,22.03,53,75,5.66,CK,1723833808
92,toliara,-23.35,43.6667,22.04,52,0,7.56,MG,1723833809
93,tapa,59.2606,25.9586,17.97,92,100,2.82,EE,1723833810
94,yellandu,17.6,80.3333,25.65,92,100,0.7,IN,1723833812
95,tebessa,35.4042,8.1242,29.6,23,40,5.66,DZ,1723833813
96,sawang wirawong,15.2416,105.0922,26.9,86,98,4.47,TH,1723833814
97,tashtyp,52.7939,89.8983,18.33,85,95,1.88,RU,1723833815
98,sidi okba,34.7451,5.8983,35.16,26,40,4.12,DZ,1723833816
99,udachny,66.4167,112.4,8.34,85,5,2.15,RU,1723833818
100,badger,64.8,-147.5333,15.76,81,20,4.12,US,1723833820
101,princeville,45.7668,-61.2985,24.19,74,20,2.06,CA,1723833821
102,petropavlovsk-kamchatsky,53.0452,158.6483,3.33,87,0,3.0,RU,1723833823
103,portland,45.5234,-122.6762,23.97,64,75,2.57,US,1723833824
104,semporna,4.4818,118.6112,25.38,89,19,0.2,MY,1723833825
105,soe,-9.8607,124.284,14.14,94,56,2.24,ID,1723833826
106,rongelap,11.1635,166.8941,27.95,81,81,5.15,MH,1723833827
107,ust-nera,64.5667,143.2,9.98,61,100,1.18,RU,1723833829
108,al hasakah,36.5024,40.7477,34.96,22,0,5.13,SY,1723833830
109,lloydminster,53.2835,-110.0016,23.12,40,75,6.17,CA,1723833610
110,gumushacikoy,40.8731,35.2147,16.18,82,0,2.2,TR,1723833832
111,lebu,-37.6167,-73.65,9.89,72,26,6.7,CL,1723833834
112,khandyga,62.6667,135.6,8.92,97,100,2.17,RU,1723833835
113,kalyazin,57.2403,37.8433,12.79,98,100,1.83,RU,1723833836
114,lamu,-2.2717,40.902,24.69,80,7,8.0,KE,1723833837
115,atar,20.5169,-13.0499,38.44,30,55,4.8,MR,1723833838
116,kirensk,57.7853,108.1119,13.26,76,2,0.97,RU,1723833840
117,new plymouth,-39.0667,174.0833,11.84,100,100,3.16,NZ,1723833841
118,saldanha,-33.0117,17.9442,11.03,82,0,2.49,ZA,1723833842
119,lompoc,34.6391,-120.4579,26.99,41,0,3.66,US,1723833843
120,salvador,13.8333,-88.9167,30.02,57,96,0.91,SV,1723833781
121,isafjordur,66.0755,-23.124,8.02,76,100,3.09,IS,1723833847
122,dudinka,69.4058,86.1778,11.49,87,100,2.44,RU,1723833848
123,ilulissat,69.2167,-51.1,6.01,81,75,2.57,GL,1723833851
124,tsiombe,-25.3,45.4833,18.48,74,0,4.44,MG,1723833852
125,nagqu,31.5,92.0,-0.7,81,0,1.5,CN,1723833853
126,atafu village,-8.5421,-172.5159,28.12,76,11,9.31,TK,1723833854
127,iqaluit,63.7506,-68.5145,9.85,61,40,7.2,CA,1723833856
128,vorgashor,67.5833,63.95,11.79,87,93,5.0,RU,1723833857
129,kodiak,57.79,-152.4072,12.73,94,100,2.06,US,1723833858
130,shingu,33.7333,135.9833,25.09,84,5,2.28,JP,1723833859
131,broadstairs,51.3591,1.4394,19.21,82,99,0.89,GB,1723833860
132,masterton,-40.9597,175.6575,13.11,80,99,3.85,NZ,1723833862
133,tessaoua,13.7574,7.9874,25.28,78,80,5.69,NE,1723833863
134,kaa-khem,51.6833,94.7333,20.31,28,5,2.71,RU,1723833864
135,ocean city,39.2776,-74.5746,31.77,54,6,4.85,US,1723833865
136,argo,37.6333,22.7333,29.67,48,0,0.17,GR,1723833867
137,praia da vitoria,38.7333,-27.0667,28.2,78,40,2.4,PT,1723833868
138,quibdo,5.6947,-76.6611,30.19,70,75,2.06,CO,1723833869
139,colonia,50.9333,6.95,24.41,78,20,2.06,DE,1723833853
140,aljezur,37.3191,-8.8033,21.51,66,0,2.43,PT,1723833873
141,ribeira grande,38.5167,-28.7,27.65,78,40,2.24,PT,1723833874
142,minab,27.1467,57.0801,30.87,74,58,3.52,IR,1723833875
143,port alfred,-33.5906,26.891,15.66,91,0,5.25,ZA,1723833876
144,isla cristina,37.2,-7.3167,29.12,51,0,5.51,ES,1723833878
145,sinabang,2.4803,96.3801,26.09,86,92,1.28,ID,1723833879
146,ad darb,17.7229,42.2526,33.48,52,66,9.21,SA,1723833732
147,tazovsky,67.4667,78.7,14.21,86,100,4.87,RU,1723833881
148,naze,28.3667,129.4833,25.51,81,97,1.2,JP,1723833882
149,ried im innkreis,48.2112,13.4886,22.47,76,100,1.66,AT,1723833884
150,broome,42.2506,-75.833,30.26,45,0,4.63,US,1723833885
151,krasnoarmeysk,51.0239,45.6969,15.03,46,4,3.81,RU,1723833886
152,punta arenas,-53.15,-70.9167,4.06,87,75,3.09,CL,1723833660
153,selfoss,63.9331,-20.9971,12.25,66,12,3.5,IS,1723833888
154,bijie,27.3125,105.2942,17.5,87,26,1.13,CN,1723833890
155,elwood,-37.8817,144.983,11.76,83,17,1.79,AU,1723833891
156,fort st. john,56.2499,-120.8529,12.94,82,100,0.0,CA,1723833893
157,happy valley-goose bay,53.3168,-60.3315,29.17,39,75,5.14,CA,1723833894
158,anadyr,64.75,177.4833,8.28,81,0,3.0,RU,1723833896
159,ruteng,-8.6136,120.4721,15.2,97,43,0.63,ID,1723833897
160,saipan,15.1355,145.701,26.39,89,100,5.66,MP,1723833898
161,alesund,62.4723,6.1549,14.63,73,75,7.2,NO,1723833899
162,coquimbo,-29.9533,-71.3436,18.88,65,0,4.63,CL,1723833583
163,juan griego,11.0817,-63.9655,33.07,58,17,5.14,VE,1723833902
164,verkhnevilyuysk,63.4453,120.3167,8.92,72,27,0.86,RU,1723833903
165,forres,57.6113,-3.6108,15.98,61,100,11.83,GB,1723833904
166,mao,39.8885,4.2658,25.31,78,20,3.6,ES,1723833905
167,burang,30.25,81.1667,10.6,78,100,2.31,CN,1723833907
168,whangarei,-35.7317,174.3239,12.04,98,100,1.51,NZ,1723833772
169,la passe,45.5549,-0.8967,19.84,70,8,3.5,FR,1723833909
170,al mindak,20.1588,41.2834,20.86,69,83,0.35,SA,1723833910
171,polyarnyy,69.1989,33.4478,18.31,63,100,6.52,RU,1723833912
172,fortaleza,-3.7227,-38.5247,30.61,58,0,7.72,BR,1723833860
173,mindelo,16.8901,-24.9804,26.75,65,75,7.2,CV,1723833914
174,stavern,59.0,10.0333,17.88,81,41,8.3,NO,1723833915
175,aasiaat,68.7098,-52.8699,2.67,88,94,1.14,GL,1723833916
176,tommot,58.9564,126.2925,7.53,92,33,1.3,RU,1723833918
177,stanwood,48.2412,-122.3707,20.12,74,100,1.54,US,1723833919
178,bardai,11.65,7.2333,20.5,94,100,4.6,NG,1723833920
179,santa terezinha,-29.9002,-50.0904,18.14,71,98,2.65,BR,1723833921
180,uribia,11.7139,-72.266,35.91,40,100,4.84,CO,1723833923
181,hadibu,12.65,54.0333,26.12,80,94,8.72,YE,1723833925
182,wynyard,-41.0,145.7167,9.36,93,98,2.14,AU,1723833926
183,flying fish cove,-10.4217,105.6791,23.82,83,100,5.14,CX,1723833927
184,rabo de peixe,37.8,-25.5833,25.73,73,40,6.17,PT,1723833930
185,westport,41.1415,-73.3579,29.2,74,2,1.34,US,1723833687
186,mocoreta,-30.6189,-57.9634,22.58,61,100,4.93,AR,1723833932
187,hammerfest,70.6634,23.6821,14.25,100,100,6.69,NO,1723833933
188,balabac,7.9868,117.0645,27.32,79,100,2.64,PH,1723833935
189,antsiranana,-12.2787,49.2917,23.18,66,0,6.48,MG,1723833936
190,tyuratam,45.6507,63.3156,22.83,38,39,4.44,KZ,1723833937
191,sitka,57.0531,-135.33,15.94,67,20,4.63,US,1723833939
192,qom,34.6401,50.8764,35.04,22,0,3.58,IR,1723833941
193,tiksi,71.6872,128.8694,9.7,64,29,3.76,RU,1723833942
194,dubbo,-32.25,148.6167,10.07,100,75,1.54,AU,1723833943
195,suva,-18.1416,178.4415,18.71,94,20,0.0,FJ,1723833944
196,erenhot,43.6475,111.9767,22.21,61,85,2.61,CN,1723833945
197,xai-xai,-25.0519,33.6442,19.2,70,0,4.76,MZ,1723833947
198,utrik,11.2278,169.8474,28.34,77,97,5.36,MH,1723833948
199,floriano,-6.7669,-43.0225,36.34,14,74,4.3,BR,1723833949
200,pontotoc,34.2479,-88.9987,34.78,30,4,4.39,US,1723833950
201,nova sintra,14.8667,-24.7167,26.31,85,94,4.84,CV,1723833952
202,jamestown,42.097,-79.2353,24.45,68,100,3.6,US,1723833799
203,trinity beach,-16.7888,145.6968,15.94,94,0,2.57,AU,1723833954
204,flin flon,54.7682,-101.865,21.91,46,20,1.54,CA,1723833955
205,daru,-9.0763,143.2092,24.96,84,100,7.44,PG,1723833956
206,invercargill,-46.4,168.35,5.57,95,100,0.89,NZ,1723833958
207,palmas,-10.2128,-48.3603,35.93,23,0,5.14,BR,1723833732
208,ishigaki,24.3448,124.1572,26.07,94,75,1.54,JP,1723833960
209,mil'kovo,55.6078,37.7956,20.35,65,88,3.1,RU,1723833961
210,sevastopol,44.6,33.5333,23.33,52,0,0.45,UA,1723833962
211,jijel,36.8205,5.7667,27.97,69,20,2.06,DZ,1723833964
212,basotu,-4.3667,35.0833,16.48,60,18,2.44,TZ,1723833965
213,tamanrasset,22.785,5.5228,26.95,54,40,6.17,DZ,1723833966
214,sergeyevka,53.88,67.4158,11.87,91,8,3.56,KZ,1723833967
215,cole harbour,44.6724,-63.4751,24.66,74,75,3.6,CA,1723833968
216,mili,6.0815,171.735,28.73,75,18,5.8,MH,1723833970
217,mahdishahr,35.7108,53.3556,20.86,68,0,5.76,IR,1723833971
218,georgetown,5.4112,100.3354,27.96,94,20,3.09,MY,1723833784
219,callao,-12.0667,-77.15,21.51,72,100,2.57,PE,1723833973
220,ebon,4.582,168.6964,28.34,78,88,5.16,MH,1723833975
221,bage,-31.3314,-54.1069,18.88,72,0,5.66,BR,1723833976
222,enewetak,11.3474,162.3373,27.8,81,100,3.52,MH,1723833977
223,miyaly,48.8844,53.7836,21.67,28,100,0.91,KZ,1723833978
224,karratha,-20.7377,116.8463,21.89,55,0,4.11,AU,1723833979
225,acarau,-2.8856,-40.12,27.76,63,84,8.96,BR,1723833981
226,santa cruz,-17.8,-63.1667,34.7,40,0,11.32,BO,1723833902
227,haiku-pauwela,20.9219,-156.3051,27.9,73,20,9.26,US,1723833983
228,lerwick,60.1545,-1.1494,12.53,89,100,11.53,GB,1723833984
229,changling,44.2653,124.0005,22.22,72,69,0.45,CN,1723833985
230,rabak,13.1809,32.74,28.0,65,100,3.4,SD,1723833987
231,san rafael,-34.6177,-68.3301,11.13,51,100,3.75,AR,1723833713
232,nagtipunan,16.2167,121.6,21.9,99,100,0.49,PH,1723833989
233,mezhdurechenskiy,59.6,65.9333,11.29,95,16,1.98,RU,1723833990
234,abalak,58.1286,68.5944,11.56,93,92,1.01,RU,1723833991
235,tralee,52.2704,-9.7026,14.61,75,100,3.23,IE,1723833993
236,hamilton,39.1834,-84.5333,28.47,74,40,5.14,US,1723833994
237,island harbour,50.724,-1.2758,20.04,77,91,0.89,GB,1723833995
238,rabaul,-4.1967,152.1721,26.23,81,100,3.3,PG,1723833996
239,sisimiut,66.9395,-53.6735,4.27,78,62,3.1,GL,1723833998
240,piti village,13.4626,144.6933,27.03,93,0,2.06,GU,1723833999
241,katsuren-haebaru,26.3369,127.8719,30.01,88,40,0.0,JP,1723834000
242,alice springs,-23.7,133.8833,7.75,71,0,2.57,AU,1723834001
243,kiunga,-6.1219,141.2906,22.83,98,89,1.69,PG,1723834002
244,banda aceh,5.5577,95.3222,26.31,82,32,3.98,ID,1723834004
245,luderitz,-26.6481,15.1594,12.09,84,41,1.07,NA,1723834005
246,bhimunipatnam,17.8833,83.4333,27.73,83,100,5.23,IN,1723834006
247,pisco,-13.7,-76.2167,16.03,88,100,2.57,PE,1723834007
248,gobabis,-22.45,18.9667,16.69,7,5,5.25,NA,1723834008
249,kuta,-8.7233,115.1723,23.97,94,20,2.57,ID,1723834010
250,nouadhibou,20.931,-17.0347,26.99,61,8,4.12,MR,1723834012
251,juneau,58.3019,-134.4197,17.83,87,40,2.06,US,1723834013
252,castillos,-34.1667,-53.8333,12.06,71,100,4.4,UY,1723834015
253,baiquan,47.5833,126.0833,20.29,84,83,0.61,CN,1723834016
254,egilsstadir,65.2653,-14.3948,9.95,87,75,2.57,IS,1723834017
255,bamboo flat,11.7,92.7167,26.05,94,100,0.51,IN,1723834018
256,karachi,24.9056,67.0822,27.9,83,75,2.57,PK,1723833663
257,la foa,-21.7108,165.8276,20.05,89,0,2.79,NC,1723834021
258,bikin,46.8161,134.26,19.66,99,89,0.37,RU,1723834022
259,majitha,31.7583,74.9544,29.94,94,75,1.54,IN,1723834023
260,rockingham,42.9668,-71.0995,23.83,73,3,2.94,US,1723834024
261,newman,37.3138,-121.0208,33.91,18,0,0.74,US,1723834025
262,dolbeau-mistassini,48.8763,-72.212,27.26,55,32,2.55,CA,1723834027
263,inirida,3.8653,-67.9239,33.77,45,100,0.98,CO,1723834028
264,berezovyy,51.6667,135.7,16.05,97,100,0.85,RU,1723834029
265,porto novo,6.4965,2.6036,25.9,87,100,3.55,BJ,1723834030
266,saguenay,48.4168,-71.0657,26.46,60,100,1.54,CA,1723834031
267,harstad,68.799,16.5293,12.31,88,55,6.71,NO,1723834033
268,kingston,17.997,-76.7936,33.53,62,20,9.77,JM,1723833748
269,tura,25.5198,90.2201,23.61,98,100,2.43,IN,1723834035
270,fria,10.4167,-13.5833,23.37,96,98,2.17,GN,1723834036
271,brookings,44.3114,-96.7984,22.32,80,100,6.69,US,1723834038
272,banfora,10.6333,-4.7667,24.36,92,89,2.18,BF,1723834039
273,halle (saale),51.5,12.0,26.11,42,0,2.57,DE,1723834040
274,cidade velha,14.9167,-23.6167,27.26,78,75,3.09,CV,1723834041
275,skowhegan,44.7651,-69.7192,25.54,71,91,1.75,US,1723834042
276,taber,49.8167,-112.1518,16.0,88,100,2.57,CA,1723834043
277,quellon,-43.1167,-73.6167,7.48,88,100,2.45,CL,1723834045
278,bang saphan,11.2126,99.5117,26.29,88,100,2.09,TH,1723834046
279,nadym,65.5333,72.5167,14.28,82,99,3.52,RU,1723834047
280,arraial do cabo,-22.9661,-42.0278,27.98,69,0,6.17,BR,1723834048
281,raton,36.9034,-104.4391,29.34,30,0,5.66,US,1723834050
282,lospalos,-8.5186,127.0025,17.87,95,100,1.88,TL,1723834051
283,carutapera,-1.195,-46.02,28.8,65,60,5.28,BR,1723834052
284,vanadzor,40.8046,44.4939,13.48,90,0,2.07,AM,1723834053
285,pago pago,-14.2781,-170.7025,24.55,88,75,7.72,AS,1723834054
286,kapa'a,22.0752,-159.319,27.28,79,40,5.66,US,1723834056
287,araripe,-7.2125,-40.0461,30.12,23,91,4.91,BR,1723834057
288,pasni,25.2631,63.471,28.03,83,100,3.16,PK,1723833847
289,wewak,-3.5534,143.6268,26.15,86,65,1.22,PG,1723834059
290,ataq,14.5377,46.8319,28.07,51,100,4.81,YE,1723834061
291,san antonio de pale,-1.4014,5.6325,23.51,84,71,5.62,GQ,1723834062
292,okha,53.5739,142.9478,10.99,90,100,8.85,RU,1723834063
293,trevelin,-43.0858,-71.4639,7.04,66,56,2.54,AR,1723834064
294,susuman,62.7833,148.1667,7.95,65,100,1.48,RU,1723834065
295,constantia,44.1833,28.65,23.38,62,0,4.49,RO,1723834066
296,refahiye,39.9008,38.7667,11.75,75,1,3.1,TR,1723834068
297,pacific grove,36.6177,-121.9166,19.67,87,20,3.58,US,1723834069
298,nova vicosa,-17.8919,-39.3719,25.02,65,32,4.28,BR,1723834070
299,choibalsan,48.0667,114.5,16.89,92,100,2.88,MN,1723834071
300,santiago juxtlahuaca,17.3333,-98.0167,20.88,74,100,0.66,MX,1723834072
301,eastham,41.8301,-69.9739,23.39,80,40,4.63,US,1723834040
302,guerrero negro,27.9769,-114.0611,27.19,49,1,5.56,MX,1723833949
303,alotau,-10.3069,150.4462,23.2,97,100,1.4,PG,1723834076
304,kruisfontein,-34.0033,24.7314,10.89,87,0,1.48,ZA,1723834077
305,lorengau,-2.0226,147.2712,26.48,81,100,2.12,PG,1723834078
306,meadow lake,34.8014,-106.5436,34.91,25,0,3.52,US,1723834080
307,kismayo,-0.3582,42.5454,24.8,81,100,7.9,SO,1723834081
308,timimoun,29.2639,0.231,44.21,8,0,4.63,DZ,1723834082
309,taltal,-25.4,-70.4833,16.61,72,100,3.06,CL,1723834083
310,neryungri,56.6709,124.6491,5.81,92,0,1.28,RU,1723834085
311,kuybyshev,55.4475,78.3218,14.68,80,29,5.05,RU,1723834086
312,yallahs,17.8748,-76.5624,33.85,66,100,5.14,JM,1723834087
313,pathein,16.7833,94.7333,26.47,90,100,1.87,MM,1723834088
314,micheweni,-4.9667,39.8333,24.91,79,4,7.96,TZ,1723834089
315,tremp,42.167,0.8949,26.95,50,100,1.31,ES,1723834091
316,ketchikan,55.3422,-131.6461,19.63,55,0,6.17,US,1723834092
317,harlingen,26.1906,-97.6961,35.05,35,20,3.09,US,1723833955
318,maumere,-8.6199,122.2111,22.57,81,11,1.84,ID,1723834094
319,ulsteinvik,62.3432,5.8487,15.17,72,100,4.92,NO,1723834095
320,weno,7.4515,151.8468,27.97,83,75,1.54,FM,1723834097
321,behshahr,36.6923,53.5526,23.62,92,99,4.72,IR,1723834098
322,sena madureira,-9.0656,-68.6569,38.6,22,28,1.89,BR,1723834099
323,voskresenskoye,56.8381,45.4317,14.14,82,100,2.52,RU,1723834101
324,at taj,24.2049,23.2857,35.6,13,0,6.63,LY,1723834103
325,betio village,1.358,172.9211,28.02,66,94,6.91,KI,1723834105
326,vilyuysk,63.7553,121.6247,8.74,61,98,1.42,RU,1723834106
327,talca,-35.4333,-71.6667,11.9,69,100,4.57,CL,1723834100
328,biryusinsk,55.9634,97.8235,15.04,83,0,2.59,RU,1723834109
329,sao miguel,-5.4667,-35.3667,25.93,68,100,9.67,BR,1723834110
330,airuk,7.2772,168.8203,28.47,78,97,5.54,MH,1723834111
331,buala,-8.145,159.5921,25.92,88,100,3.59,SB,1723834112
332,fauske,67.2588,15.3918,13.3,82,12,2.02,NO,1723834114
333,tindouf,27.6711,-8.1474,44.25,8,0,2.57,DZ,1723834115
334,holualoa,19.6228,-155.9522,25.91,72,0,3.6,US,1723834116
335,vorkuta,67.5,64.0,12.12,86,89,4.72,RU,1723834117
336,pangai,-19.8,-174.35,22.06,73,75,7.72,TO,1723834118
337,penalva,-3.2942,-45.1736,35.6,23,54,1.66,BR,1723834120
338,gijang,35.2442,129.2139,25.85,87,10,2.79,KR,1723834121
339,launceston,-41.45,147.1667,9.8,100,100,1.54,AU,1723834122
340,awjilah,29.1081,21.2869,33.36,18,0,3.37,LY,1723834123
341,mahebourg,-20.4081,57.7,23.16,73,75,5.14,MU,1723834124
342,bengkulu,-3.8004,102.2655,23.93,93,97,3.36,ID,1723834126
343,nicoya,10.1483,-85.452,29.28,78,100,1.05,CR,1723834127
344,new norfolk,-42.7826,147.0587,11.62,97,100,0.89,AU,1723834128
345,razampeta,14.1833,79.1667,28.57,78,100,1.0,IN,1723834129
346,massenya,11.4039,16.1705,24.92,85,98,2.6,TD,1723834132
347,buka,40.8108,69.1986,24.16,20,19,3.59,UZ,1723834133
348,indramayu,-6.3264,108.32,24.62,70,99,3.28,ID,1723834134
349,general cabrera,-32.8131,-63.8724,20.28,44,100,3.7,AR,1723834135
350,yinchuan,38.4681,106.2731,23.8,50,100,1.48,CN,1723834137
351,yabelo,4.8833,38.0833,19.58,57,100,2.24,ET,1723834139
352,sao vicente,-23.9631,-46.3919,22.98,26,0,2.06,BR,1723833999
353,diapaga,12.0708,1.7889,22.47,97,100,4.69,BF,1723834141
354,gadzhiyevo,69.2551,33.3362,18.84,61,100,6.37,RU,1723834143
355,aleg,17.0481,-13.9209,36.75,36,100,4.02,MR,1723834144
356,villa regina,-39.1,-67.0667,15.69,32,67,2.83,AR,1723834145
357,vega de alatorre,20.0333,-96.6333,29.45,73,100,3.51,MX,1723834146
358,ust'-ilimsk,58.0006,102.6619,14.94,65,0,2.17,RU,1723834148
359,dolisie,-4.1997,12.6739,23.5,70,29,3.04,CG,1723834149
360,cabugao,17.7931,120.4578,26.34,87,100,2.01,PH,1723834150
361,quesnel,52.9999,-122.5029,19.28,55,40,2.06,CA,1723834151
362,el porvenir,13.7617,-87.3458,32.74,49,25,1.94,HN,1723834152
363,chernyshevskiy,63.0128,112.4714,8.94,92,100,1.53,RU,1723834154
364,nikolayevsk-on-amure,53.1406,140.73,9.88,96,82,0.97,RU,1723834155
365,zabaykal'sk,49.6333,117.3167,16.81,89,100,2.23,RU,1723834156
366,hami,42.8,93.45,30.0,16,0,4.38,CN,1723834157
367,boca suno,-0.7167,-77.1333,29.8,52,60,0.63,EC,1723834158
368,manakara,-22.1333,48.0167,21.37,60,100,2.99,MG,1723834160
369,salalah,17.0151,54.0924,24.05,100,100,1.54,OM,1723834161
370,saucillo,28.0167,-105.2833,35.37,23,0,2.75,MX,1723834162
371,bahir dar,11.5936,37.3908,15.95,98,100,1.56,ET,1723833961
372,kolonia,50.9333,6.95,24.42,78,20,2.06,DE,1723834164
373,ash shafa,21.0694,40.3119,19.92,64,73,1.67,SA,1723834166
374,burao,9.5221,45.5336,26.84,44,73,7.91,SO,1723834168
375,tidjikja,18.5564,-11.4271,34.16,42,100,6.58,MR,1723834169
376,fale old settlement,-9.3852,-171.2468,27.98,75,6,9.98,TK,1723834171
377,usinsk,65.9939,57.5281,12.65,70,0,5.63,RU,1723834172
378,novo aripuana,-5.1206,-60.3797,30.91,53,100,0.15,BR,1723834173
379,mazowe,-17.504,30.9739,15.54,43,0,1.88,ZW,1723834174
380,kargil,34.5667,76.1,16.43,45,99,2.56,IN,1723834176
381,montmagny,48.9734,2.3469,25.02,65,100,3.6,FR,1723834177
382,chengde,40.9725,117.9361,22.03,91,100,0.59,CN,1723834178
383,itati,-27.2704,-58.2446,34.01,32,100,3.31,AR,1723834152
384,siwa oasis,29.2041,25.5195,35.12,20,0,5.18,EG,1723834181
385,kolonia town,6.964,158.206,24.0,100,40,1.54,FM,1723834182
386,magadi,12.9667,77.2333,23.64,82,100,1.96,IN,1723834184
387,zheshart,62.0731,49.5733,15.58,69,86,3.49,RU,1723834185
388,turrialba,9.9047,-83.6835,26.93,85,100,2.92,CR,1723834187
389,kapuskasing,49.4169,-82.4331,25.05,61,75,6.17,CA,1723834188
390,vila franca do campo,37.7167,-25.4333,26.23,79,56,3.26,PT,1723834189
391,kailua-kona,19.6406,-155.9956,27.98,72,0,3.6,US,1723834190
392,amarante do maranhao,-5.5667,-46.7422,37.51,13,8,3.06,BR,1723834192
393,malpe,13.35,74.7167,25.22,96,100,6.18,IN,1723834193
394,malvan,16.0667,73.4667,27.72,87,100,4.12,IN,1723834195
395,ende,-8.8432,121.6623,19.97,80,8,1.35,ID,1723834196
396,al jawf,29.5,38.75,32.18,17,0,3.4,SA,1723834198
397,lutuhyne,48.4051,39.2267,19.65,37,100,1.54,UA,1723834199
398,dunedin,-45.8742,170.5036,6.56,90,99,2.02,NZ,1723833971
399,corner brook,48.9667,-57.9484,24.36,50,1,3.71,CA,1723834201
400,arar,30.9753,41.0381,39.01,10,0,4.12,SA,1723834203
401,segezha,63.7415,34.3222,16.95,80,100,4.0,RU,1723834204
402,klyuchi,52.2667,79.1667,17.71,62,9,2.55,RU,1723834205
403,undurkhaan,47.3194,110.6556,13.93,92,98,1.36,MN,1723834206
404,port moresby,-9.4431,147.1797,24.68,94,40,2.57,PG,1723834207
405,kourou,5.1552,-52.6478,29.35,65,0,4.53,GF,1723834209
406,chake chake,-5.2459,39.7666,24.31,79,5,6.88,TZ,1723834210
407,bac lieu,9.285,105.7244,27.4,81,100,3.42,VN,1723834211
408,ilha de mocambique,-15.0342,40.7358,25.11,75,28,8.1,MZ,1723834212
409,whakatane,-37.9585,176.9854,10.84,99,100,0.5,NZ,1723834214
410,serchhip,23.3,92.8333,22.66,99,100,0.53,IN,1723834215
411,haugesund,59.4138,5.268,15.14,67,75,9.77,NO,1723834216
412,kaoma,-14.7833,24.8,17.99,26,0,2.88,ZM,1723834217
413,nizhneudinsk,54.9076,99.0276,13.95,89,4,2.05,RU,1723834218
414,mana,5.6592,-53.7767,29.11,68,6,5.94,GF,1723834220
415,lagoa,39.05,-27.9833,24.61,73,0,3.39,PT,1723834221
416,champerico,14.3,-91.9167,29.52,68,100,2.44,GT,1723834222
417,selkirk,50.1436,-96.8845,23.43,79,100,4.02,CA,1723833944
418,zvecka,44.6389,20.1647,33.13,43,23,1.34,RS,1723834226
419,boquete,8.7833,-82.4333,22.78,67,100,0.45,PA,1723834227
420,talara,-4.5772,-81.2719,24.42,64,0,5.66,PE,1723834228
421,sao jose da coroa grande,-8.8978,-35.1478,25.52,64,22,6.07,BR,1723834229
422,castres,43.5833,2.1667,27.12,63,0,2.57,FR,1723834231
423,ancud,-41.8697,-73.8203,8.08,85,100,5.16,CL,1723834043
424,ocos,14.5094,-92.1933,29.2,72,100,2.33,GT,1723834233
425,rio preto da eva,-2.6994,-59.6997,39.02,20,1,2.37,BR,1723834234
426,placido de castro,-10.3353,-67.1856,39.52,21,4,0.92,BR,1723834235
427,great falls,47.5002,-111.3008,26.25,38,0,2.57,US,1723834236
428,sodo,6.8642,37.7628,13.3,93,100,0.3,ET,1723834238
429,afaahiti,-17.75,-149.2833,23.56,85,98,11.05,PF,1723834239
430,'alaqahdari dishu,30.4374,63.313,36.98,14,100,7.2,AF,1723834240
431,napili-honokowai,20.9708,-156.6705,27.44,79,16,6.64,US,1723834241
432,piploda,23.35,75.4333,24.65,90,100,3.55,IN,1723834243
433,zouerate,22.7187,-12.4521,38.95,13,0,6.05,MR,1723834244
434,tilcara,-23.5776,-65.3509,18.16,15,100,1.36,AR,1723834245
435,dongola,19.1667,30.4833,38.93,15,4,6.24,SD,1723834246
436,el calafate,-50.3408,-72.2768,2.63,72,8,1.84,AR,1723834247
437,xichang,27.8964,102.2634,17.43,91,88,0.81,CN,1723834248
438,codrington,-38.2667,141.9667,10.82,94,100,6.21,AU,1723834250
439,viedma,-40.8135,-62.9967,15.11,37,2,4.69,AR,1723834251
440,xilin hot,43.9667,116.0333,18.34,86,88,1.81,CN,1723834252
441,dzilam gonzalez,21.2833,-88.9333,32.04,57,100,4.07,MX,1723834253
442,saint-francois,46.4154,3.9054,24.69,57,0,1.54,FR,1723834255
443,waddan,29.1614,16.139,36.19,20,91,5.2,LY,1723834256
444,panaba,21.2833,-88.2667,32.36,62,52,4.97,MX,1723834348
445,sai buri,6.7013,101.6168,27.2,90,100,2.64,TH,1723834349
446,kudahuvadhoo,2.6708,72.8944,28.23,78,100,10.21,MV,1723834350
447,palpa,-14.5336,-75.1856,27.9,25,0,4.2,PE,1723834351
448,peremyshlyany,49.6652,24.5585,21.56,64,3,2.12,UA,1723834353
449,saint-pierre,-21.3393,55.4781,22.82,73,100,7.72,RE,1723834354
450,kalkaman,51.9525,76.0211,18.82,59,39,5.22,KZ,1723834355
451,bayt al faqih,14.5164,43.3245,31.74,64,100,6.15,YE,1723834356
452,mkushi,-13.6202,29.3939,16.84,37,0,2.2,ZM,1723834357
453,parli vaijnath,18.85,76.5333,25.13,88,100,1.15,IN,1723834359
454,perugorria,-29.3413,-58.6106,25.43,55,100,6.1,AR,1723834363
455,doka,13.5167,35.7667,21.83,95,100,1.55,SD,1723834364
456,arteche,12.2645,125.4048,26.27,87,100,1.94,PH,1723834365
457,pitimbu,-7.4706,-34.8086,25.46,66,55,7.43,BR,1723834366
458,monrovia,6.3005,-10.7969,25.45,83,100,5.22,LR,1723834367
459,bata,1.8639,9.7658,25.03,84,66,4.81,GQ,1723834368
460,tosontsengel,48.7567,98.2839,9.08,75,0,0.24,MN,1723834370
461,moroni,-11.7022,43.2551,24.55,76,1,5.32,KM,1723834371
462,magog,45.2668,-72.1491,25.89,65,34,2.06,CA,1723834200
463,igarka,67.4667,86.5833,11.12,93,100,3.88,RU,1723834373
464,piacabucu,-10.4056,-36.4344,25.58,65,1,4.03,BR,1723834375
465,leer,53.2316,7.461,19.41,88,100,2.27,DE,1723834376
466,'ain el turk,35.7438,-0.7693,28.38,57,0,5.66,DZ,1723834377
467,madalena,41.2162,-8.3345,23.32,38,0,1.79,PT,1723834378
468,zhezqazghan,47.7833,67.7667,16.32,44,0,3.0,KZ,1723834379
469,kampene,-3.6,26.6667,24.29,58,17,0.75,CD,1723834381
470,san julian,21.0167,-102.1667,22.45,60,100,3.14,MX,1723834382
471,brezina,33.0989,1.2608,32.52,23,4,1.34,DZ,1723834383
472,al bawiti,28.3492,28.8659,31.96,24,0,2.93,EG,1723834384
473,vernon,50.2581,-119.2691,19.31,87,100,0.89,CA,1723834287
474,valognes,49.5088,-1.4705,18.66,88,100,2.57,FR,1723834387
475,sparti,37.0733,22.4297,31.08,41,0,0.73,GR,1723834388
476,fortuna,40.5982,-124.1573,20.51,73,20,3.09,US,1723834389
477,hermanus,-34.4187,19.2345,8.22,78,0,2.65,ZA,1723834390
478,taroa,8.7058,171.2275,28.37,79,11,5.59,MH,1723834392
479,margate,51.3813,1.3862,19.27,82,100,0.45,GB,1723834145
480,wagar,16.1525,36.2032,26.52,74,100,6.4,SD,1723834394
481,correntina,-13.3433,-44.6367,32.36,20,0,4.24,BR,1723834392
482,paraiso,9.8383,-83.8656,24.41,75,100,1.92,CR,1723834397
483,karlskrona,56.1616,15.5866,18.25,94,3,2.85,SE,1723834398
484,turi,40.9173,17.0212,29.69,58,69,0.71,IT,1723834399
485,urangan,-25.3,152.9,18.98,87,33,3.57,AU,1723834400
486,aykhal,66.0,111.5,8.28,89,100,2.35,RU,1723834401
487,aral,40.5156,81.2636,32.65,19,35,1.5,CN,1723834402
488,kharkhorin,47.1975,102.8238,10.8,87,100,2.66,MN,1723834404
489,tual,-5.6667,132.75,25.39,88,45,7.4,ID,1723834405
490,labuan bajo,-8.4964,119.8877,23.51,82,1,2.12,ID,1723834406
491,hirara,24.8,125.2833,26.15,100,75,2.06,JP,1723834408
492,cannonvale,-20.2833,148.7,19.66,83,10,0.85,AU,1723834409
493,murzuq,25.9155,13.9184,34.42,32,12,3.03,LY,1723834410
494,jiwani,25.05,61.7417,28.04,80,100,3.96,PK,1723834411
495,nahiyat al fuhud,30.9697,46.7228,40.96,13,0,5.04,IQ,1723834412
496,wau,7.7029,27.9953,23.24,90,51,1.88,SS,1723834415
497,sanctuary point,-35.1114,150.629,11.75,75,91,3.4,AU,1723834416
498,sarangani,5.4033,125.4636,28.45,74,12,2.34,PH,1723834417
499,winnemucca,40.973,-117.7357,26.03,24,0,1.54,US,1723834418
500,carloforte,39.145,8.3058,25.49,77,30,0.66,IT,1723834420
501,lib,8.3122,167.3766,28.6,77,30,5.09,MH,1723834421
502,kalmunai,7.4167,81.8167,26.1,87,100,6.29,LK,1723834422
503,lodja,-3.4833,23.4333,24.2,66,59,0.44,CD,1723834423
504,port macquarie,-31.4333,152.9167,12.82,99,31,0.89,AU,1723834424
505,amahai,-3.3333,128.9167,24.65,87,90,1.57,ID,1723834426
506,seria,4.6167,114.3167,25.38,88,0,0.63,BN,1723834427
507,marsh harbour,26.5412,-77.0636,28.78,59,0,5.37,BS,1723834428
508,shiyan,32.6475,110.7781,23.19,96,62,1.07,CN,1723834430
509,dongcun,36.7767,121.1597,24.46,89,63,0.89,CN,1723834431
510,zhangye,38.9342,100.4517,21.04,36,0,3.12,CN,1723834432
511,santa maria,-29.6842,-53.8069,24.61,61,0,2.57,BR,1723834433
512,shibganj,24.6829,88.1598,27.9,84,0,2.15,BD,1723834434
513,richards bay,-28.783,32.0377,19.05,83,0,3.11,ZA,1723834436
514,lakatoro,-16.0999,167.4164,23.61,84,33,4.41,VU,1723834437
515,malango,-2.9627,119.9001,17.8,95,13,0.82,ID,1723834438
516,pico truncado,-46.7949,-67.9573,8.96,43,100,7.32,AR,1723834439
517,illela,13.7292,5.2975,23.8,88,99,6.38,NG,1723834442
518,charlottetown,46.2352,-63.1267,25.87,48,75,3.6,CA,1723833710
519,zhangjiakou,40.81,114.8794,19.0,87,65,0.47,CN,1723834444
520,necochea,-38.5473,-58.7368,9.23,68,99,5.03,AR,1723834445
521,gevas,38.2968,43.1083,23.78,39,97,0.85,TR,1723834447
522,kirakira,-10.4544,161.9205,24.66,85,100,4.39,SB,1723834448
523,faranah,10.0404,-10.7434,22.95,95,83,3.23,GN,1723834449
524,geraldton,-28.7667,114.6,12.23,94,0,6.17,AU,1723834450
525,ndola,-12.9587,28.6366,19.22,34,0,4.03,ZM,1723834451
526,jonquiere,48.4165,-71.2488,26.06,61,82,1.03,CA,1723834238
527,ciudad lazaro cardenas,17.9583,-102.2,29.65,62,100,2.18,MX,1723834454
528,takayama,36.1333,137.25,23.34,99,100,1.6,JP,1723834455
529,hede,33.7681,120.2517,25.23,91,0,1.38,CN,1723834458
530,walvis bay,-22.9575,14.5053,12.53,94,10,3.6,NA,1723834460
531,santiago papasquiaro,25.046,-105.4208,29.02,36,41,2.52,MX,1723834461
532,ovalle,-30.5983,-71.2003,19.82,50,100,1.51,CL,1723834014
533,rio grande,-32.035,-52.0986,14.9,68,100,3.98,BR,1723834464
534,grand falls-windsor,48.9332,-55.6649,25.84,53,0,0.45,CA,1723834465
535,yorkton,51.2167,-102.4677,22.91,49,0,5.14,CA,1723834466
536,sairang,23.8,92.6667,24.7,100,100,0.64,IN,1723834467
537,inongo,-1.95,18.2667,24.04,63,75,2.07,CD,1723834468
538,manggar,-2.8833,108.2667,26.9,77,100,4.34,ID,1723834470
539,visakhapatnam,17.69,83.2093,27.94,100,40,1.03,IN,1723834472
540,okhotsk,59.3833,143.3,8.63,90,100,1.57,RU,1723834473
541,rio gallegos,-51.6226,-69.2181,7.03,65,20,3.6,AR,1723834475
542,bodaybo,57.8506,114.1933,11.68,86,0,0.86,RU,1723834476
543,greymouth,-42.4667,171.2,9.35,96,95,1.76,NZ,1723834477
544,paradip garh,20.3167,86.6167,26.66,88,100,3.53,IN,1723834478
545,puerto cabezas,14.0351,-83.3888,31.98,74,75,6.17,NI,1723834481
546,probolinggo,-7.7543,113.2159,22.85,71,8,3.92,ID,1723834482
547,tanjung pinang,0.9167,104.45,27.68,81,100,3.89,ID,1723834484
548,jerome,42.7241,-114.5186,24.71,40,0,2.06,US,1723834486
549,al wajh,26.2455,36.4525,30.97,66,0,3.09,SA,1723834487
550,caleta de carquin,-11.0925,-77.6267,18.75,70,27,3.42,PE,1723834488
551,sokcho,38.2083,128.5911,23.34,94,57,2.57,KR,1723834489
